Priority,Keyword,Type,Search Volume,Difficulty,Recommended Title
5,NISA おすすめ銘柄 2026,顶级转化,高,高,2026 NISAおすすめ銘柄TOP10｜プロ厳選・無料LINE配信
5,高配当株 おすすめ 2026,顶级转化,高,中高,2026 高配当株ランキングTOP10｜利回り4%以上プロ厳選
4,株 推奨銘柄 無料,顶级转化,中高,中,元アナリストが無料で株推奨銘柄配信｜2026最新
4,配当株 おすすめ 2026,顶级转化,高,中高,2026 配当株 おすすめランキング｜初心者でも月5万円狙える
4,株 初心者 おすすめ銘柄,顶级转化,中高,中,株初心者おすすめ銘柄2026｜NISAで始めるプロ厳選3銘柄
-,日経平均株価 予測 2026,流量层,极高,高,日経平均株価2026年見通し｜プロが今買うべき銘柄
-,NISA 投資信託 おすすめ,流量层,高,高,新NISAおすすめ投資信託2026｜オルカン超え利回り銘柄
-,高配当株 ランキング,流量层,高,中高,2026 高配当株ランキングTOP20｜利回り5%超えも
-,株 銘柄選び コツ,流量层,中高,低,株銘柄選びのコツ2026｜初心者必見・プロ手法公開
-,株式投資 初心者,流量层,高,中,株式投資初心者2026完全ガイド｜NISAから始める方法
3,株式投資 初心者 どこで学ぶ 無料,长尾,中,低,株式投資初心者はどこで学ぶ？無料で始める方法2026
3,高配当株 おすすめ 2026 プロ厳選,长尾,中,低,高配当株 プロ厳選2026｜無料LINEで毎週1銘柄
3,株 スイングトレード やり方 初心者,长尾,中,低,株 スイングトレードやり方｜初心者向け完全解説2026
3,NISA 成長投資枠 おすすめ銘柄,长尾,中高,低,NISA成長投資枠 おすすめ銘柄2026｜プロ厳選
3,株 シグナル 無料 LINE,长尾,中,低,株シグナル無料LINE配信｜毎週1銘柄プロ厳選
3,億トレーダー 手法 無料,长尾,低,低,億トレーダーの手法を無料で学ぶ｜2026実践術
3,株 勝ち方 2026,长尾,中,低,株で勝つ方法2026｜プロが教える銘柄選び
3,日経平均 高配当株 おすすめ,长尾,中,低,日経平均連動 高配当株おすすめ2026
3,テンバガー 銘柄 2026,长尾,中,中,テンバガー銘柄2026｜10倍狙いのプロ厳選
3,投資顧問 無料 おすすめ,长尾,中高,中,投資顧問無料おすすめ2026｜LINEで銘柄配信
