Level,Keyword,Title A,Title B,Meta Description
S,高配当株 おすすめ 2026,2026 高配当株 おすすめランキングTOP10｜利回り4%以上プロ厳選無料,2026 高配当株 おすすめ｜プロ厳選・無料LINEで今すぐ受取,"2026年最新高配当株ランキングTOP10をプロが厳選。利回り4%以上・NISA対応。毎週無料レポートをLINE配信中。登録者32,000人。投資はリスクを伴います。"
S,NISA おすすめ銘柄 2026,2026 NISAおすすめ銘柄TOP10｜成長投資枠プロ厳選・無料LINE,2026 NISAおすすめ銘柄｜初心者でも月5万円狙えるプロ手法,"新NISA成長投資枠おすすめ銘柄TOP10を無料公開。プロ厳選・チャート解説付き。LINEで今すぐ受け取れます。FSA登録済・リスク開示。"
S,株 推奨銘柄 無料,元アナリストが無料で株推奨銘柄配信｜2026最新レポート,株推奨銘柄 無料2026｜プロ厳選・LINEで毎週お届け,"元証券アナリストが厳選した株推奨銘柄を完全無料でLINE配信。登録者32,000人突破。チャート付きで初心者も簡単。投資リスクご確認ください。"
S,日経平均高配当株50,日経平均高配当株50指数2026｜おすすめ銘柄＆利回り公開,日経平均高配当株50 2026｜プロが今買うべき銘柄無料,"日経平均高配当株50指数対応のおすすめ銘柄を無料レポート化。利回り実績グラフ付き。LINEで今すぐ受け取る。FSA登録業者・元本保証なし。"
S,配当株 おすすめ 2026,2026 配当株 おすすめランキング｜初心者NISAで安定収入,2026 配当株 おすすめ｜利回り5%超えプロ厳選無料,"2026年配当株おすすめランキングをプロが厳選。NISA対応・毎週無料レポート。登録無料・ブロックOK。投資はリスクを伴います。"
A,NISA 成長投資枠 おすすめ銘柄,2026 NISA成長投資枠おすすめ銘柄TOP10｜プロ厳選無料,,新NISA成長投資枠おすすめ銘柄を無料LINE配信。プロ実績グラフ付き。初心者でもすぐ始められます。
A,高配当株 ランキング 2026,2026 高配当株ランキングTOP20｜利回り5%超えも,,2026高配当株ランキングTOP20を公開。プロ厳選・無料レポートで今すぐチェック。
A,株 初心者 おすすめ銘柄,株初心者おすすめ銘柄2026｜NISAから始めるプロ手法,,株初心者向けおすすめ銘柄2026を無料配信。NISA完全対応・チャート解説付き。
A,日経平均株価 予測 2026,日経平均株価2026年見通し｜今買うべき高配当株,,日経平均株価2026予測＋今買うべき高配当株をプロが解説。無料LINEレポート。
A,NISA 投資信託 おすすめ,新NISAおすすめ投資信託2026｜高配当株超え銘柄,,新NISAおすすめ投資信託2026を厳選。利回り実績公開・無料でLINE受取。
B,株 推奨銘柄 無料 LINE,株推奨銘柄無料LINE配信2026｜毎週1銘柄プロ厳選,,毎週プロ厳選1銘柄をLINE無料配信。登録者32,000人・チャート解説付き。
B,株 シグナル 無料,株シグナル無料2026｜プロが毎週厳選銘柄配信,,株シグナルを無料で受け取る。毎週月曜LINE配信・チャート解説付き。
B,株式投資 初心者 どこで学ぶ,株式投資初心者はどこで学ぶ？2026無料ガイド,,株式投資初心者が無料で学べる方法を完全解説。LINEでプロ手法お届け。
B,億トレーダー 手法 無料,億トレーダーの手法を無料で学ぶ｜2026実践術,,億トレーダーが実践する手法を無料公開。毎週LINEで銘柄レポート。
B,株 スイングトレード やり方,株スイングトレードやり方2026｜初心者完全解説,,株スイングトレードのやり方を初心者向けに解説。無料LINEで毎週銘柄配信。
B,株 銘柄選び コツ,株銘柄選びのコツ2026｜プロが教える選定基準,,株銘柄選びのコツをプロが解説。無料LINEで厳選銘柄お届け。
B,テンバガー 銘柄 2026,テンバガー銘柄2026｜10倍狙いプロ厳選,,テンバガー銘柄をプロが厳選。2026年注目の成長株を無料LINE配信。
B,NISA 銘柄 おすすめ,NISA銘柄おすすめ2026｜成長投資枠プロ厳選,,NISA成長投資枠おすすめ銘柄を無料配信。チャート解説付き。
B,株 勝ち方 2026,株で勝つ方法2026｜プロが教える銘柄選び,,株で勝つ方法をプロが解説。無料LINEで毎週銘柄レポート。
B,投資顧問 無料 おすすめ,投資顧問無料おすすめ2026｜LINEで銘柄配信,,投資顧問品質の銘柄分析を無料で。LINEで毎週お届け。
